{
"lengthUnit": "mil",
"components": {
	"fields": ["COMPONENT_NO", "COMPONENT_NAME", "LAYER", "X_COORDINATE", "Y_COORDINATE", "ANGLE"],
	"rows": [
		[1, "3V3", "T", 4986.45, -82.32, 180],
		[2, "C1", "B", 4777.51, 85.34, 180],
		[3, "C19", "B", 4750, -75, 270],
		[4, "C20", "B", 4210, -230, 0],
		[5, "C21", "B", 4215, -50, 0],
		[6, "C22", "B", 4777.51, 170.34, 180],
		[7, "C23", "B", 4417.51, 170.34, 0],
		[8, "C24", "B", 4572.51, 170.34, 180],
		[9, "C25", "B", 4750, -225, 90],
		[10, "C30", "T", 4860, 45, 180],
		[11, "C31", "B", 5160, -245, 270],
		[12, "C36", "B", 5175, -30, 90],
		[13, "C37", "B", 5105, -30, 90],
		[14, "C38", "B", 5437.42, -58.03, 180],
		[15, "C39", "B", 5437.42, -128.03, 180],
		[16, "C42", "B", 5049.79, 188.39, 90],
		[17, "C43", "B", 5314.79, 178.39, 90],
		[18, "C44", "T", 5160, 205, 0],
		[19, "C45", "B", 4762.51, 285.34, 270],
		[20, "C46", "B", 5295, 330, 270],
		[21, "CN1", "T", 4405, -160, 0],
		[22, "D2", "T", 5315, 235, 90],
		[23, "D3", "T", 4455, 230, 90],
		[24, "L2", "B", 5284.39, -37.95, 270],
		[25, "LDO2", "B", 5179.79, 183.39, 0],
		[26, "LED2", "T", 4986.45, -155.02, 180],
		[27, "LED3", "T", 4985, -225, 180],
		[28, "R1", "B", 4780, 10, 0],
		[29, "R24", "T", 5265, -220, 180],
		[30, "R25", "T", 5460, -40, 0],
		[31, "R59", "T", 4845, -85, 0],
		[32, "R60", "T", 4845, -155, 0],
		[33, "R61", "T", 4840, -225, 0],
		[34, "R62", "T", 5158.51, 134.82, 0],
		[35, "R63", "T", 5157.83, 66.32, 180],
		[36, "R64", "B", 4240, -140, 270],
		[37, "R65", "B", 4682.51, 285.34, 270],
		[38, "R66", "B", 5440, -195, 180],
		[39, "R67", "B", 5440, -265, 0],
		[40, "Rsense", "T", 4880, 330, 180],
		[41, "SW1", "B", 4920, 180, 270],
		[42, "U2", "B", 4500, -100, 0],
		[43, "U4", "B", 4955, -195, 90],
		[44, "U7", "T", 4880, 155, 0],
		[45, "U11", "B", 5284.39, -217.95, 0],
		[46, "U12", "B", 5180, 330, 180],
		[47, "U14", "T", 5460, -185, 0],
		[48, "VIN", "T", 5520, 230, 90],
		[49, "VOUT", "T", 4245, 230, 270],
		[50, "X1", "B", 4497.51, 285.34, 180],
		[51, "TPJLC", "T", 5129.36, 21.15, 0],
		[52, "TPJLC2", "B", 5050, 315, 0]
	]
},
"pins": {
	"fields": ["PIN_NO", "PIN_NAME", "PIN_X", "PIN_Y", "LAYER", "PIN_TYPE", "NET_NAME", "NET_TYPE", "PAD_SHAPE", "PAD_SIZEX", "PAD_SIZEY", "HOLE_SIZE", "PAD_ANGLE"],
	"rows": [
		[1, "3V3_1", 5017.93, -82.31, "T", "SMD", "GND", "GND", "R", 31.5, 31.5, 0, 270],
		[2, "3V3_2", 4954.98, -82.32, "T", "SMD", "$3N7699", "", "R", 31.5, 31.5, 0, 270],
		[3, "C1_1", 4805.07, 85.34, "B", "SMD", "GND", "GND", "R", 31.5, 35.43, 0, 180],
		[4, "C1_2", 4749.95, 85.34, "B", "SMD", "ISENSE", "", "R", 31.5, 35.43, 0, 180],
		[5, "C19_1", 4750, -47.44, "B", "SMD", "GND", "GND", "R", 31.5, 35.43, 0, 270],
		[6, "C19_2", 4750, -102.56, "B", "SMD", "D3V3", "", "R", 31.5, 35.43, 0, 270],
		[7, "C20_1", 4182.44, -230, "B", "SMD", "GND", "GND", "R", 31.5, 35.43, 0, 0],
		[8, "C20_2", 4237.56, -230, "B", "SMD", "D3V3", "", "R", 31.5, 35.43, 0, 0],
		[9, "C21_1", 4187.44, -50, "B", "SMD", "GND", "GND", "R", 31.5, 35.43, 0, 0],
		[10, "C21_2", 4242.56, -50, "B", "SMD", "D3V3", "", "R", 31.5, 35.43, 0, 0],
		[11, "C22_1", 4805.07, 170.34, "B", "SMD", "GND", "GND", "R", 31.5, 35.43, 0, 180],
		[12, "C22_2", 4749.95, 170.34, "B", "SMD", "A3V3", "", "R", 31.5, 35.43, 0, 180],
		[13, "C23_1", 4389.95, 170.34, "B", "SMD", "GND", "GND", "R", 31.5, 35.43, 0, 0],
		[14, "C23_2", 4445.07, 170.34, "B", "SMD", "OSC_IN", "", "R", 31.5, 35.43, 0, 0],
		[15, "C24_1", 4600.07, 170.34, "B", "SMD", "GND", "GND", "R", 31.5, 35.43, 0, 180],
		[16, "C24_2", 4544.95, 170.34, "B", "SMD", "OSC_OUT", "", "R", 31.5, 35.43, 0, 180],
		[17, "C25_1", 4750, -252.56, "B", "SMD", "GND", "GND", "R", 31.5, 35.43, 0, 90],
		[18, "C25_2", 4750, -197.44, "B", "SMD", "D3V3", "", "R", 31.5, 35.43, 0, 90],
		[19, "C30_1", 4887.56, 45, "T", "SMD", "GND", "GND", "R", 31.5, 35.43, 0, 180],
		[20, "C30_2", 4832.44, 45, "T", "SMD", "D3V3", "", "R", 31.5, 35.43, 0, 180],
		[21, "C31_1", 5160, -217.44, "B", "SMD", "$3N7199", "", "R", 31.5, 35.43, 0, 270],
		[22, "C31_2", 5160, -272.56, "B", "SMD", "$3N7195", "", "R", 31.5, 35.43, 0, 270],
		[23, "C36_1", 5175, -57.56, "B", "SMD", "GND", "GND", "R", 31.5, 35.43, 0, 90],
		[24, "C36_2", 5175, -2.44, "B", "SMD", "+5V", "", "R", 31.5, 35.43, 0, 90],
		[25, "C37_1", 5105, -57.56, "B", "SMD", "GND", "GND", "R", 31.5, 35.43, 0, 90],
		[26, "C37_2", 5105, -2.44, "B", "SMD", "+5V", "", "R", 31.5, 35.43, 0, 90],
		[27, "C38_1", 5464.98, -58.03, "B", "SMD", "GND", "GND", "R", 31.5, 35.43, 0, 180],
		[28, "C38_2", 5409.86, -58.03, "B", "SMD", "VIN", "", "R", 31.5, 35.43, 0, 180],
		[29, "C39_1", 5464.98, -128.03, "B", "SMD", "GND", "GND", "R", 31.5, 35.43, 0, 180],
		[30, "C39_2", 5409.86, -128.03, "B", "SMD", "VIN", "", "R", 31.5, 35.43, 0, 180],
		[31, "C42_1", 5049.79, 160.83, "B", "SMD", "GND", "GND", "R", 31.5, 35.43, 0, 90],
		[32, "C42_2", 5049.79, 215.95, "B", "SMD", "D3V3", "", "R", 31.5, 35.43, 0, 90],
		[33, "C43_1", 5314.79, 150.83, "B", "SMD", "+5V", "", "R", 31.5, 35.43, 0, 90],
		[34, "C43_2", 5314.79, 205.95, "B", "SMD", "GND", "GND", "R", 31.5, 35.43, 0, 90],
		[35, "C44_1", 5132.44, 205, "T", "SMD", "GND", "GND", "R", 31.5, 35.43, 0, 0],
		[36, "C44_2", 5187.56, 205, "T", "SMD", "VIN", "", "R", 31.5, 35.43, 0, 0],
		[37, "C45_1", 4762.51, 312.9, "B", "SMD", "NRST", "", "R", 31.5, 35.43, 0, 270],
		[38, "C45_2", 4762.51, 257.78, "B", "SMD", "GND", "GND", "R", 31.5, 35.43, 0, 270],
		[39, "C46_1", 5295, 357.56, "B", "SMD", "GND", "GND", "R", 31.5, 35.43, 0, 270],
		[40, "C46_2", 5295, 302.44, "B", "SMD", "+5V", "", "R", 31.5, 35.43, 0, 270],
		[41, "CN1_1", 4331.18, -102.91, "T", "SMD", "SWDIO", "", "R", 62.99, 31.5, 0, 90],
		[42, "CN1_2", 4380.39, -102.91, "T", "SMD", "SWCLK", "", "R", 62.99, 31.5, 0, 90],
		[43, "CN1_3", 4429.61, -102.91, "T", "SMD", "GND", "GND", "R", 62.99, 31.5, 0, 90],
		[44, "CN1_4", 4478.82, -102.91, "T", "SMD", "3V3", "", "R", 62.99, 31.5, 0, 90],
		[45, "CN1_5", 4579.21, -217.08, "T", "SMD", "GND", "GND", "R", 125.98, 90.55, 0, 90],
		[46, "CN1_6", 4230.79, -217.08, "T", "SMD", "GND", "GND", "R", 125.98, 90.55, 0, 90],
		[47, "D2_1", 5315, 132.98, "T", "SMD", "GND", "GND", "R", 80.61, 88.23, 0, 90],
		[48, "D2_2", 5315, 337.02, "T", "SMD", "VIN", "", "R", 80.61, 88.23, 0, 90],
		[49, "D3_1", 4455, 127.98, "T", "SMD", "GND", "GND", "R", 80.61, 88.23, 0, 90],
		[50, "D3_2", 4455, 332.02, "T", "SMD", "VOUT", "", "R", 80.61, 88.23, 0, 90],
		[51, "L2_1", 5284.39, -91.1, "B", "SMD", "$3N7199", "", "R", 51.18, 107.09, 0, 270],
		[52, "L2_2", 5284.39, 15.2, "B", "SMD", "+5V", "", "R", 51.18, 107.09, 0, 270],
		[53, "LDO2_1", 5230.97, 220.79, "B", "SMD", "+5V", "", "R", 43.31, 23.62, 0, 0],
		[54, "LDO2_2", 5230.97, 183.39, "B", "SMD", "GND", "GND", "R", 43.31, 23.62, 0, 0],
		[55, "LDO2_3", 5230.97, 145.99, "B", "SMD", "+5V", "", "R", 43.31, 23.62, 0, 0],
		[56, "LDO2_4", 5128.6, 145.99, "B", "SMD", "GND", "GND", "R", 43.31, 23.62, 0, 0],
		[57, "LDO2_5", 5128.6, 220.79, "B", "SMD", "D3V3", "", "R", 43.31, 23.62, 0, 0],
		[58, "LED2_1", 5017.93, -155.02, "T", "SMD", "GND", "GND", "R", 31.5, 31.5, 0, 270],
		[59, "LED2_2", 4954.98, -155.03, "T", "SMD", "$3N7872", "", "R", 31.5, 31.5, 0, 270],
		[60, "LED3_1", 5016.47, -225, "T", "SMD", "GND", "GND", "R", 31.5, 31.5, 0, 270],
		[61, "LED3_2", 4953.53, -225, "T", "SMD", "$3N8033", "", "R", 31.5, 31.5, 0, 270],
		[62, "R1_1", 4750.34, 10, "B", "SMD", "ISENSE", "", "R", 31.75, 34.02, 0, 0],
		[63, "R1_2", 4809.66, 10, "B", "SMD", "$3N5395", "", "R", 31.75, 34.02, 0, 0],
		[64, "R24_1", 5294.66, -220, "T", "SMD", "GND", "GND", "R", 31.75, 34.02, 0, 180],
		[65, "R24_2", 5235.34, -220, "T", "SMD", "$3N3524", "", "R", 31.75, 34.02, 0, 180],
		[66, "R25_1", 5430.34, -40, "T", "SMD", "CANL", "", "R", 31.75, 34.02, 0, 0],
		[67, "R25_2", 5489.66, -40, "T", "SMD", "CANH", "", "R", 31.75, 34.02, 0, 0],
		[68, "R59_1", 4815.34, -85, "T", "SMD", "D3V3", "", "R", 31.75, 34.02, 0, 0],
		[69, "R59_2", 4874.66, -85, "T", "SMD", "$3N7699", "", "R", 31.75, 34.02, 0, 0],
		[70, "R60_1", 4815.34, -155, "T", "SMD", "LED1", "", "R", 31.75, 34.02, 0, 0],
		[71, "R60_2", 4874.66, -155, "T", "SMD", "$3N7872", "", "R", 31.75, 34.02, 0, 0],
		[72, "R61_1", 4810.34, -225, "T", "SMD", "LED2", "", "R", 31.75, 34.02, 0, 0],
		[73, "R61_2", 4869.66, -225, "T", "SMD", "$3N8033", "", "R", 31.75, 34.02, 0, 0],
		[74, "R62_1", 5128.85, 134.82, "T", "SMD", "VSENSE", "", "R", 31.75, 34.02, 0, 0],
		[75, "R62_2", 5188.16, 134.82, "T", "SMD", "VIN", "", "R", 31.75, 34.02, 0, 0],
		[76, "R63_1", 5187.49, 66.32, "T", "SMD", "GND", "GND", "R", 31.75, 34.02, 0, 180],
		[77, "R63_2", 5128.16, 66.32, "T", "SMD", "VSENSE", "", "R", 31.75, 34.02, 0, 180],
		[78, "R64_1", 4240, -110.34, "B", "SMD", "$3N2677", "", "R", 31.75, 34.02, 0, 270],
		[79, "R64_2", 4240, -169.66, "B", "SMD", "GND", "GND", "R", 31.75, 34.02, 0, 270],
		[80, "R65_1", 4682.51, 315, "B", "SMD", "D3V3", "", "R", 31.75, 34.02, 0, 270],
		[81, "R65_2", 4682.51, 255.68, "B", "SMD", "NRST", "", "R", 31.75, 34.02, 0, 270],
		[82, "R66_1", 5469.66, -195, "B", "SMD", "GND", "GND", "R", 31.75, 34.02, 0, 180],
		[83, "R66_2", 5410.34, -195, "B", "SMD", "$3N7282", "", "R", 31.75, 34.02, 0, 180],
		[84, "R67_1", 5410.34, -265, "B", "SMD", "$3N7282", "", "R", 31.75, 34.02, 0, 0],
		[85, "R67_2", 5469.66, -265, "B", "SMD", "+5V", "", "R", 31.75, 34.02, 0, 0],
		[86, "Rsense_1", 5000.72, 330, "T", "SMD", "VIN", "", "R", 50.49, 136.06, 0, 180],
		[87, "Rsense_2", 4759.28, 330, "T", "SMD", "VOUT", "", "R", 50.49, 136.06, 0, 180],
		[88, "SW1_1", 4920, 337.48, "B", "SMD", "NRST", "", "R", 74.8, 59.05, 0, 270],
		[89, "SW1_2", 4920, 22.52, "B", "SMD", "GND", "GND", "R", 74.8, 59.05, 0, 270],
		[90, "U2_1", 4391.73, 67.32, "B", "SMD", "D3V3", "", "O", 10.63, 59.05, 0, 0],
		[91, "U2_2", 4411.42, 67.32, "B", "SMD", "U2_2", "", "O", 10.63, 59.05, 0, 0],
		[92, "U2_3", 4431.1, 67.32, "B", "SMD", "U2_3", "", "O", 10.63, 59.05, 0, 0],
		[93, "U2_4", 4450.79, 67.32, "B", "SMD", "U2_4", "", "O", 10.63, 59.05, 0, 0],
		[94, "U2_5", 4470.47, 67.32, "B", "SMD", "OSC_IN", "", "O", 10.63, 59.05, 0, 0],
		[95, "U2_6", 4490.16, 67.32, "B", "SMD", "OSC_OUT", "", "O", 10.63, 59.05, 0, 0],
		[96, "U2_7", 4509.84, 67.32, "B", "SMD", "NRST", "", "O", 10.63, 59.05, 0, 0],
		[97, "U2_8", 4529.53, 67.32, "B", "SMD", "GND", "GND", "O", 10.63, 59.05, 0, 0],
		[98, "U2_9", 4549.21, 67.32, "B", "SMD", "A3V3", "", "O", 10.63, 59.05, 0, 0],
		[99, "U2_10", 4568.9, 67.32, "B", "SMD", "U2_10", "", "O", 10.63, 59.05, 0, 0],
		[100, "U2_11", 4588.58, 67.32, "B", "SMD", "ISENSE", "", "O", 10.63, 59.05, 0, 0],
		[101, "U2_12", 4608.27, 67.32, "B", "SMD", "U2_12", "", "O", 10.63, 59.05, 0, 0],
		[102, "U2_13", 4667.32, 8.27, "B", "SMD", "VSENSE", "", "O", 59.05, 10.63, 0, 0],
		[103, "U2_14", 4667.32, -11.42, "B", "SMD", "U2_14", "", "O", 59.05, 10.63, 0, 0],
		[104, "U2_15", 4667.32, -31.1, "B", "SMD", "LED2", "", "O", 59.05, 10.63, 0, 0],
		[105, "U2_16", 4667.32, -50.79, "B", "SMD", "U2_16", "", "O", 59.05, 10.63, 0, 0],
		[106, "U2_17", 4667.32, -70.47, "B", "SMD", "LED1", "", "O", 59.05, 10.63, 0, 0],
		[107, "U2_18", 4667.32, -90.16, "B", "SMD", "U2_18", "", "O", 59.05, 10.63, 0, 0],
		[108, "U2_19", 4667.32, -109.84, "B", "SMD", "U2_19", "", "O", 59.05, 10.63, 0, 0],
		[109, "U2_20", 4667.32, -129.53, "B", "SMD", "U2_20", "", "O", 59.05, 10.63, 0, 0],
		[110, "U2_21", 4667.32, -149.21, "B", "SMD", "U2_21", "", "O", 59.05, 10.63, 0, 0],
		[111, "U2_22", 4667.32, -168.9, "B", "SMD", "U2_22", "", "O", 59.05, 10.63, 0, 0],
		[112, "U2_23", 4667.32, -188.58, "B", "SMD", "GND", "GND", "O", 59.05, 10.63, 0, 0],
		[113, "U2_24", 4667.32, -208.27, "B", "SMD", "D3V3", "", "O", 59.05, 10.63, 0, 0],
		[114, "U2_25", 4608.27, -267.32, "B", "SMD", "U2_25", "", "O", 10.63, 59.05, 0, 0],
		[115, "U2_26", 4588.58, -267.32, "B", "SMD", "U2_26", "", "O", 10.63, 59.05, 0, 0],
		[116, "U2_27", 4568.9, -267.32, "B", "SMD", "U2_27", "", "O", 10.63, 59.05, 0, 0],
		[117, "U2_28", 4549.21, -267.32, "B", "SMD", "U2_28", "", "O", 10.63, 59.05, 0, 0],
		[118, "U2_29", 4529.53, -267.32, "B", "SMD", "U2_29", "", "O", 10.63, 59.05, 0, 0],
		[119, "U2_30", 4509.84, -267.32, "B", "SMD", "U2_30", "", "O", 10.63, 59.05, 0, 0],
		[120, "U2_31", 4490.16, -267.32, "B", "SMD", "U2_31", "", "O", 10.63, 59.05, 0, 0],
		[121, "U2_32", 4470.47, -267.32, "B", "SMD", "U2_32", "", "O", 10.63, 59.05, 0, 0],
		[122, "U2_33", 4450.79, -267.32, "B", "SMD", "U2_33", "", "O", 10.63, 59.05, 0, 0],
		[123, "U2_34", 4431.1, -267.32, "B", "SMD", "SWDIO", "", "O", 10.63, 59.05, 0, 0],
		[124, "U2_35", 4411.42, -267.32, "B", "SMD", "GND", "GND", "O", 10.63, 59.05, 0, 0],
		[125, "U2_36", 4391.73, -267.32, "B", "SMD", "D3V3", "", "O", 10.63, 59.05, 0, 0],
		[126, "U2_37", 4332.68, -208.27, "B", "SMD", "SWCLK", "", "O", 59.05, 10.63, 0, 0],
		[127, "U2_38", 4332.68, -188.58, "B", "SMD", "U2_38", "", "O", 59.05, 10.63, 0, 0],
		[128, "U2_39", 4332.68, -168.9, "B", "SMD", "U2_39", "", "O", 59.05, 10.63, 0, 0],
		[129, "U2_40", 4332.68, -149.21, "B", "SMD", "U2_40", "", "O", 59.05, 10.63, 0, 0],
		[130, "U2_41", 4332.68, -129.53, "B", "SMD", "U2_41", "", "O", 59.05, 10.63, 0, 0],
		[131, "U2_42", 4332.68, -109.84, "B", "SMD", "U2_42", "", "O", 59.05, 10.63, 0, 0],
		[132, "U2_43", 4332.68, -90.16, "B", "SMD", "U2_43", "", "O", 59.05, 10.63, 0, 0],
		[133, "U2_44", 4332.68, -70.47, "B", "SMD", "$3N2677", "", "O", 59.05, 10.63, 0, 0],
		[134, "U2_45", 4332.68, -50.79, "B", "SMD", "CAN_RX", "", "O", 59.05, 10.63, 0, 0],
		[135, "U2_46", 4332.68, -31.1, "B", "SMD", "CAN_TX", "", "O", 59.05, 10.63, 0, 0],
		[136, "U2_47", 4332.68, -11.42, "B", "SMD", "GND", "GND", "O", 59.05, 10.63, 0, 0],
		[137, "U2_48", 4332.68, 8.27, "B", "SMD", "D3V3", "", "O", 59.05, 10.63, 0, 0],
		[138, "U4_1", 4845.85, -270, "B", "SMD", "CAN_TX", "", "O", 23.15, 80.51, 0, 90],
		[139, "U4_2", 4845.85, -220, "B", "SMD", "GND", "GND", "O", 23.15, 80.51, 0, 90],
		[140, "U4_3", 4845.85, -170, "B", "SMD", "D3V3", "", "O", 23.15, 80.51, 0, 90],
		[141, "U4_4", 4845.85, -120, "B", "SMD", "CAN_RX", "", "O", 23.15, 80.51, 0, 90],
		[142, "U4_5", 5064.15, -120, "B", "SMD", "U4_5", "", "O", 23.15, 80.51, 0, 90],
		[143, "U4_6", 5064.15, -170, "B", "SMD", "CANL", "", "O", 23.15, 80.51, 0, 90],
		[144, "U4_7", 5064.15, -220, "B", "SMD", "CANH", "", "O", 23.15, 80.51, 0, 90],
		[145, "U4_8", 5064.15, -270, "B", "SMD", "$3N3524", "", "O", 23.15, 80.51, 0, 90],
		[146, "U7_1", 4931.18, 117.6, "T", "SMD", "$3N5395", "", "R", 43.31, 23.62, 0, 0],
		[147, "U7_2", 4931.18, 155, "T", "SMD", "GND", "GND", "R", 43.31, 23.62, 0, 0],
		[148, "U7_3", 4931.18, 192.4, "T", "SMD", "VIN", "", "R", 43.31, 23.62, 0, 0],
		[149, "U7_4", 4828.82, 192.4, "T", "SMD", "VOUT", "", "R", 43.31, 23.62, 0, 0],
		[150, "U7_5", 4828.82, 117.6, "T", "SMD", "D3V3", "", "R", 43.31, 23.62, 0, 0],
		[151, "U11_1", 5246.99, -172.71, "B", "SMD", "GND", "GND", "R", 20.95, 42.2, 0, 0],
		[152, "U11_2", 5284.39, -172.71, "B", "SMD", "$3N7199", "", "R", 20.95, 42.2, 0, 0],
		[153, "U11_3", 5321.79, -172.71, "B", "SMD", "VIN", "", "R", 20.95, 42.2, 0, 0],
		[154, "U11_4", 5321.79, -263.19, "B", "SMD", "$3N7282", "", "R", 20.95, 42.2, 0, 0],
		[155, "U11_5", 5284.39, -263.19, "B", "SMD", "U11_5", "", "R", 20.95, 42.2, 0, 0],
		[156, "U11_6", 5246.99, -263.19, "B", "SMD", "$3N7195", "", "R", 20.95, 42.2, 0, 0],
		[157, "U12_1", 5136.64, 292.6, "B", "SMD", "+5V", "", "R", 40.85, 20.95, 0, 180],
		[158, "U12_2", 5136.64, 367.4, "B", "SMD", "A3V3", "", "R", 40.85, 20.95, 0, 180],
		[159, "U12_3", 5223.36, 330, "B", "SMD", "GND", "GND", "R", 40.85, 20.95, 0, 180],
		[160, "U14_1", 5435.39, -122.99, "T", "SMD", "CANL", "", "R", 23.62, 66.93, 0, 0],
		[161, "U14_2", 5484.6, -122.99, "T", "SMD", "CANH", "", "R", 23.62, 66.93, 0, 0],
		[162, "U14_3", 5557.44, -247.01, "T", "SMD", "GND", "GND", "R", 39.37, 110.24, 0, 0],
		[163, "U14_4", 5362.56, -247.01, "T", "SMD", "GND", "GND", "R", 39.37, 110.24, 0, 0],
		[164, "VIN_1", 5520, 131.57, "T", "DIP", "GND", "GND", "C", 98.42, 98.42, 70.87, 90],
		[165, "VIN_1", 5520, 131.57, "B", "DIP", "GND", "GND", "C", 98.42, 98.42, 70.87, 90],
		[166, "VIN_2", 5520, 328.43, "T", "DIP", "VIN", "", "C", 98.42, 98.42, 70.87, 90],
		[167, "VIN_2", 5520, 328.43, "B", "DIP", "VIN", "", "C", 98.42, 98.42, 70.87, 90],
		[168, "VOUT_1", 4245, 328.43, "T", "DIP", "VOUT", "", "C", 125.98, 125.98, 86.61, 0],
		[169, "VOUT_1", 4245, 328.43, "B", "DIP", "VOUT", "", "C", 125.98, 125.98, 86.61, 0],
		[170, "VOUT_2", 4245, 131.57, "T", "DIP", "GND", "GND", "C", 125.98, 125.98, 86.61, 0],
		[171, "VOUT_2", 4245, 131.57, "B", "DIP", "GND", "GND", "C", 125.98, 125.98, 86.61, 0],
		[172, "X1_1", 4578.22, 285.34, "B", "SMD", "OSC_OUT", "", "R", 74.8, 94.49, 0, 180],
		[173, "X1_2", 4416.8, 285.34, "B", "SMD", "OSC_IN", "", "R", 74.8, 94.49, 0, 180],
		[174, "TPJLC_TP2", 5129.36, 21.15, "T", "TP", "VSENSE", "", "C", 24, 24, 0, 0],
		[175, "TPJLC_TP3", 4995, 117.6, "T", "TP", "$3N5395", "", "C", 24, 24, 0, 0],
		[176, "TPJLC2_TP4", 5050, 315, "B", "TP", "A3V3", "", "C", 24, 24, 0, 0],
		[177, "TPJLC2_TP5", 5230, 395, "B", "TP", "D3V3", "", "C", 24, 24, 0, 0]
	]
}
}